[{"actorID":1,"actorName":"Chevalier Craker","actorGenre":"Crime|Drama","actorRating":1,"actorLanguage":"Hindi","actorAchievements_count":0,"actorReviewCount":0},{"actorID":2,"actorName":"Silva Tamburo","actorGenre":"Drama","actorRating":4,"actorLanguage":"Indonesian","actorAchievements_count":0,"actorReviewCount":0},{"actorID":3,"actorName":"Amogh More","actorGenre":"Comedy","actorRating":9,"actorLanguage":"Marathi","actorAchievements_count":0,"actorReviewCount":0},{"actorID":4,"actorName":"Kenyon Care","actorGenre":"Comedy|Drama|Fantasy","actorRating":3,"actorLanguage":"Croatian","actorAchievements_count":0,"actorReviewCount":0},{"actorID":5,"actorName":"Maurizia Frane","actorGenre":"Drama","actorRating":6,"actorLanguage":"Luxembourgish","actorAchievements_count":0,"actorReviewCount":0},{"actorID":6,"actorName":"Merry Franceschielli","actorGenre":"Drama|Romance","actorRating":6,"actorLanguage":"Quechua","actorAchievements_count":0,"actorReviewCount":0},{"actorID":7,"actorName":"Kayley Veale","actorGenre":"Action|Adventure|Sci-Fi","actorRating":5,"actorLanguage":"Sotho","actorAchievements_count":0,"actorReviewCount":0},{"actorID":8,"actorName":"Abigael Youens","actorGenre":"Drama","actorRating":3,"actorLanguage":"Dutch","actorAchievements_count":0,"actorReviewCount":0},{"actorID":9,"actorName":"Dov Kitchingman","actorGenre":"Drama","actorRating":8,"actorLanguage":"Somali","actorAchievements_count":0,"actorReviewCount":0},{"actorID":10,"actorName":"Bank Weekland","actorGenre":"Crime|Drama","actorRating":7,"actorLanguage":"French","actorAchievements_count":0,"actorReviewCount":0},{"actorID":11,"actorName":"Byram Purton","actorGenre":"Drama","actorRating":1,"actorLanguage":"Kazakh","actorAchievements_count":0,"actorReviewCount":0},{"actorID":12,"actorName":"Barnabas Androck","actorGenre":"Animation|Comedy|Drama","actorRating":7,"actorLanguage":"Khmer","actorAchievements_count":0,"actorReviewCount":0},{"actorID":13,"actorName":"Taddeusz Theuff","actorGenre":"Action|Adventure|Horror","actorRating":5,"actorLanguage":"Tetum","actorAchievements_count":0,"actorReviewCount":0},{"actorID":14,"actorName":"Zorine Zelland","actorGenre":"Drama|Romance","actorRating":9,"actorLanguage":"Kyrgyz","actorAchievements_count":0,"actorReviewCount":0},{"actorID":15,"actorName":"Harley Wilmore","actorGenre":"Action|Comedy|Drama","actorRating":6,"actorLanguage":"Māori","actorAchievements_count":0,"actorReviewCount":0},{"actorID":18,"actorName":"Kora Noad","actorGenre":"Comedy|Drama","actorRating":6,"actorLanguage":"Dhivehi","actorAchievements_count":0,"actorReviewCount":0},{"actorID":19,"actorName":"Hilly Caverhill","actorGenre":"Drama|Romance","actorRating":1,"actorLanguage":"Burmese","actorAchievements_count":0,"actorReviewCount":0},{"actorID":20,"actorName":"Billie Vasilchikov","actorGenre":"Drama","actorRating":6,"actorLanguage":"Croatian","actorAchievements_count":0,"actorReviewCount":0},{"actorID":21,"actorName":"Jenelle Bickle","actorGenre":"Drama","actorRating":9,"actorLanguage":"Latvian","actorAchievements_count":0,"actorReviewCount":0},{"actorID":22,"actorName":"Glynda Matteini","actorGenre":"Drama|Mystery|Thriller","actorRating":9,"actorLanguage":"Yiddish","actorAchievements_count":0,"actorReviewCount":0},{"actorID":23,"actorName":"Iver Breslin","actorGenre":"Thriller","actorRating":2,"actorLanguage":"Somali","actorAchievements_count":0,"actorReviewCount":0},{"actorID":24,"actorName":"Gabbi Fleischmann","actorGenre":"Crime|Thriller","actorRating":4,"actorLanguage":"Arabic","actorAchievements_count":0,"actorReviewCount":0},{"actorID":25,"actorName":"Guillema Rosenkrantz","actorGenre":"Drama|Fantasy|Romance","actorRating":3,"actorLanguage":"Maltese","actorAchievements_count":0,"actorReviewCount":0},{"actorID":26,"actorName":"Nara Goodenough","actorGenre":"Drama","actorRating":6,"actorLanguage":"Dzongkha","actorAchievements_count":0,"actorReviewCount":0},{"actorID":27,"actorName":"Bria Dobrowolski","actorGenre":"Comedy|Drama|Mystery","actorRating":9,"actorLanguage":"Dhivehi","actorAchievements_count":0,"actorReviewCount":0},{"actorID":28,"actorName":"Job Emmatt","actorGenre":"Comedy|Sci-Fi","actorRating":8,"actorLanguage":"Japanese","actorAchievements_count":0,"actorReviewCount":0},{"actorID":29,"actorName":"Hirsch Poe","actorGenre":"Drama|Mystery|Thriller","actorRating":5,"actorLanguage":"Zulu","actorAchievements_count":0,"actorReviewCount":0},{"actorID":30,"actorName":"Say Loughton","actorGenre":"Documentary","actorRating":8,"actorLanguage":"Albanian","actorAchievements_count":0,"actorReviewCount":0},{"actorID":31,"actorName":"Leif Freiberg","actorGenre":"War","actorRating":7,"actorLanguage":"Assamese","actorAchievements_count":0,"actorReviewCount":0},{"actorID":32,"actorName":"Mandi Kindle","actorGenre":"Horror","actorRating":9,"actorLanguage":"Macedonian","actorAchievements_count":0,"actorReviewCount":0},{"actorID":33,"actorName":"Teddie MacCole","actorGenre":"Comedy|Sci-Fi","actorRating":6,"actorLanguage":"Tetum","actorAchievements_count":0,"actorReviewCount":0},{"actorID":34,"actorName":"Dennison Gasticke","actorGenre":"Horror|Thriller","actorRating":5,"actorLanguage":"Burmese","actorAchievements_count":0,"actorReviewCount":0},{"actorID":35,"actorName":"Elizabet Stachini","actorGenre":"Crime|Drama","actorRating":6,"actorLanguage":"Northern Sotho","actorAchievements_count":0,"actorReviewCount":0},{"actorID":36,"actorName":"Wainwright Crumbleholme","actorGenre":"Drama","actorRating":2,"actorLanguage":"Tsonga","actorAchievements_count":0,"actorReviewCount":0},{"actorID":37,"actorName":"Maurine Daintry","actorGenre":"Drama|Horror|Musical|Thriller","actorRating":8,"actorLanguage":"Thai","actorAchievements_count":0,"actorReviewCount":0},{"actorID":38,"actorName":"Marjie Sutter","actorGenre":"Drama","actorRating":4,"actorLanguage":"Norwegian","actorAchievements_count":0,"actorReviewCount":0},{"actorID":39,"actorName":"Dennie Langrish","actorGenre":"Action|Crime|Drama","actorRating":9,"actorLanguage":"Tajik","actorAchievements_count":0,"actorReviewCount":0},{"actorID":40,"actorName":"Bayard Baseley","actorGenre":"Drama|Romance|Western","actorRating":9,"actorLanguage":"Portuguese","actorAchievements_count":0,"actorReviewCount":0},{"actorID":41,"actorName":"Blanche Polak","actorGenre":"Musical","actorRating":3,"actorLanguage":"Indonesian","actorAchievements_count":0,"actorReviewCount":0},{"actorID":44,"actorName":"Lucio Richens","actorGenre":"Comedy","actorRating":6,"actorLanguage":"Italian","actorAchievements_count":0,"actorReviewCount":0},{"actorID":45,"actorName":"Marti Wishkar","actorGenre":"Comedy|Drama","actorRating":3,"actorLanguage":"Azeri","actorAchievements_count":0,"actorReviewCount":0},{"actorID":46,"actorName":"Sheridan Diegan","actorGenre":"Adventure|Children|Drama","actorRating":1,"actorLanguage":"Azeri","actorAchievements_count":0,"actorReviewCount":0},{"actorID":47,"actorName":"Corny Vernham","actorGenre":"Action|Drama|Romance","actorRating":7,"actorLanguage":"Zulu","actorAchievements_count":0,"actorReviewCount":0},{"actorID":48,"actorName":"Jade Damp","actorGenre":"Drama|Romance","actorRating":6,"actorLanguage":"New Zealand Sign Language","actorAchievements_count":0,"actorReviewCount":0},{"actorID":49,"actorName":"Winifred Critchard","actorGenre":"Action|Adventure|Western|IMAX","actorRating":6,"actorLanguage":"Polish","actorAchievements_count":0,"actorReviewCount":0},{"actorID":50,"actorName":"Gabby Kingwell","actorGenre":"Horror","actorRating":1,"actorLanguage":"Luxembourgish","actorAchievements_count":0,"actorReviewCount":0}]