[{"actorID":1,"director":"Elwyn Brockley","movieID":1,"castingDate":"6/4/2019"},{"actorID":2,"director":"Gertruda Keer","movieID":2,"castingDate":"12/23/2012"},{"actorID":3,"director":"Hayes Layne","movieID":3,"castingDate":"10/8/2020"},{"actorID":4,"director":"Hedwig Norsister","movieID":4,"castingDate":"12/26/2021"},{"actorID":5,"director":"Sunny Gunderson","movieID":5,"castingDate":"9/6/2021"},{"actorID":6,"director":"Mickie Bauldrey","movieID":6,"castingDate":"2/1/2016"},{"actorID":7,"director":"Tiler Suggitt","movieID":7,"castingDate":"10/10/2021"},{"actorID":8,"director":"Husein McLurg","movieID":8,"castingDate":"7/27/2014"},{"actorID":9,"director":"Wilma Pimm","movieID":9,"castingDate":"9/6/2013"},{"actorID":10,"director":"Molli Sparwell","movieID":10,"castingDate":"10/27/2011"},{"actorID":11,"director":"Devondra Manske","movieID":11,"castingDate":"10/30/2018"},{"actorID":12,"director":"Karrie Athersmith","movieID":12,"castingDate":"3/19/2019"},{"actorID":13,"director":"Cory Clinning","movieID":13,"castingDate":"10/27/2023"},{"actorID":14,"director":"Walt Corragan","movieID":14,"castingDate":"1/11/2018"},{"actorID":15,"director":"Katine Scotchbrook","movieID":15,"castingDate":"9/9/2014"},{"actorID":17,"director":"Maria Verden","movieID":17,"castingDate":"1/28/2021"},{"actorID":18,"director":"Margarette Aldersea","movieID":18,"castingDate":"4/10/2010"},{"actorID":19,"director":"Remus Persse","movieID":19,"castingDate":"11/1/2018"},{"actorID":20,"director":"Marybelle Coucha","movieID":20,"castingDate":"5/5/2012"},{"actorID":21,"director":"Vicki Beernaert","movieID":21,"castingDate":"12/1/2020"},{"actorID":22,"director":"Laurianne Mault","movieID":22,"castingDate":"6/9/2020"},{"actorID":23,"director":"Franchot Axtonne","movieID":23,"castingDate":"10/14/2020"},{"actorID":24,"director":"Cointon Dadge","movieID":24,"castingDate":"10/16/2017"},{"actorID":25,"director":"Beatrix Ledster","movieID":25,"castingDate":"8/31/2018"},{"actorID":26,"director":"Norby Fair","movieID":26,"castingDate":"7/13/2016"},{"actorID":27,"director":"Richmound Antal","movieID":27,"castingDate":"8/12/2017"},{"actorID":28,"director":"Errick Ropkins","movieID":28,"castingDate":"2/2/2022"},{"actorID":29,"director":"Morlee Gley","movieID":29,"castingDate":"7/18/2015"},{"actorID":30,"director":"Gordy Cousin","movieID":30,"castingDate":"11/2/2022"},{"actorID":31,"director":"Georgena Bottini","movieID":31,"castingDate":"2/27/2020"},{"actorID":32,"director":"SIDoney Prester","movieID":32,"castingDate":"12/10/2017"},{"actorID":33,"director":"Muffin Stickells","movieID":33,"castingDate":"1/17/2016"},{"actorID":34,"director":"Ilario Saltsberg","movieID":34,"castingDate":"5/18/2010"},{"actorID":35,"director":"Korella Eary","movieID":35,"castingDate":"2/9/2016"},{"actorID":36,"director":"Tuck Trudgian","movieID":36,"castingDate":"2/22/2019"},{"actorID":37,"director":"DiarmID Miskin","movieID":37,"castingDate":"12/21/2019"},{"actorID":38,"director":"Tom Boyton","movieID":38,"castingDate":"8/11/2010"},{"actorID":39,"director":"Nellie Zorzenoni","movieID":39,"castingDate":"5/27/2017"},{"actorID":40,"director":"Dallis Whistance","movieID":40,"castingDate":"2/24/2024"},{"actorID":41,"director":"Juliet McIlwrick","movieID":41,"castingDate":"4/19/2012"},{"actorID":0,"director":"Ingaborg Haithwaite","movieID":42,"castingDate":"1/21/2019"},{"actorID":0,"director":"ObIDiah Dranfield","movieID":43,"castingDate":"8/23/2012"},{"actorID":44,"director":"Sigfried Bremley","movieID":44,"castingDate":"6/7/2023"},{"actorID":45,"director":"Chane Vango","movieID":45,"castingDate":"6/10/2013"},{"actorID":46,"director":"Myrtice GiacobbiniJacob","movieID":46,"castingDate":"3/25/2019"},{"actorID":47,"director":"Philbert Braam","movieID":47,"castingDate":"2/15/2018"},{"actorID":48,"director":"Pen Ruperto","movieID":48,"castingDate":"12/28/2015"},{"actorID":49,"director":"Job Druhan","movieID":49,"castingDate":"10/26/2022"},{"actorID":50,"director":"Teddie Jura","movieID":50,"castingDate":"12/31/2014"},{"actorID":50,"director":"Gopinath","movieID":50,"castingDate":"8/02/2013"}]