[{"movieID":1,"movieName":"Chinese Puzzle (Casse-tête chinois)","genre":"Comedy|Romance","language":"Dari","price":475466,"copiesSold":17095,"movie_review_count":0,"movie_desc_count":0},{"movieID":2,"movieName":"Bloodsucking Freaks","genre":"Horror","language":"Bulgarian","price":362016,"copiesSold":33474,"movie_review_count":0,"movie_desc_count":0},{"movieID":3,"movieName":"Confidence Girl","genre":"Crime|Drama|Thriller","language":"Khmer","price":320491,"copiesSold":5694,"movie_review_count":0,"movie_desc_count":0},{"movieID":4,"movieName":"Conan the Destroyer","genre":"Action|Adventure|Fantasy","language":"Papiamento","price":99271,"copiesSold":28270,"movie_review_count":0,"movie_desc_count":0},{"movieID":5,"movieName":"Grin Without a Cat, A (Fond de l'air est rouge, Le)","genre":"Documentary","language":"Guaraní","price":116319,"copiesSold":38402,"movie_review_count":0,"movie_desc_count":0},{"movieID":6,"movieName":"Navy Blues","genre":"Comedy|Drama","language":"Malay","price":331094,"copiesSold":23007,"movie_review_count":0,"movie_desc_count":0},{"movieID":7,"movieName":"All Relative","genre":"Comedy|Drama|Romance","language":"Romanian","price":416403,"copiesSold":25372,"movie_review_count":0,"movie_desc_count":0},{"movieID":8,"movieName":"Boats","genre":"Comedy","language":"Sotho","price":169338,"copiesSold":35485,"movie_review_count":0,"movie_desc_count":0},{"movieID":9,"movieName":"Trucker","genre":"Drama","language":"Korean","price":27939,"copiesSold":46572,"movie_review_count":0,"movie_desc_count":0},{"movieID":10,"movieName":"Sugar Curtain, The (El telón de azúcar)","genre":"Documentary","language":"Albanian","price":437749,"copiesSold":47969,"movie_review_count":0,"movie_desc_count":0},{"movieID":11,"movieName":"Mexican, The","genre":"Action|Comedy","language":"French","price":402345,"copiesSold":22127,"movie_review_count":0,"movie_desc_count":0},{"movieID":12,"movieName":"Deep End, The","genre":"Drama","language":"Khmer","price":439942,"copiesSold":3308,"movie_review_count":0,"movie_desc_count":0},{"movieID":13,"movieName":"Pulp Fiction","genre":"Comedy|Crime|Drama|Thriller","language":"Burmese","price":217235,"copiesSold":20369,"movie_review_count":0,"movie_desc_count":0},{"movieID":14,"movieName":"Osmosis Jones","genre":"Action|Animation|Comedy|Crime|Drama|Romance|Thriller","language":"Burmese","price":490375,"copiesSold":41365,"movie_review_count":0,"movie_desc_count":0},{"movieID":15,"movieName":"Andrew Dice Clay: Indestructible","genre":"Comedy","language":"Punjabi","price":403246,"copiesSold":12950,"movie_review_count":0,"movie_desc_count":0},{"movieID":16,"movieName":"Street People","genre":"Action|Thriller","language":"Romanian","price":421170,"copiesSold":27378,"movie_review_count":0,"movie_desc_count":0},{"movieID":17,"movieName":"No Place to Hide","genre":"Thriller","language":"Afrikaans","price":366842,"copiesSold":33558,"movie_review_count":0,"movie_desc_count":0},{"movieID":18,"movieName":"Grouse","genre":"Comedy","language":"Fijian","price":331103,"copiesSold":36349,"movie_review_count":0,"movie_desc_count":0},{"movieID":19,"movieName":"Houseguest","genre":"Comedy","language":"Irish Gaelic","price":31029,"copiesSold":26670,"movie_review_count":0,"movie_desc_count":0},{"movieID":20,"movieName":"Ghostbusters (a.k.a. Ghost Busters)","genre":"Action|Comedy|Sci-Fi","language":"Icelandic","price":490592,"copiesSold":39862,"movie_review_count":0,"movie_desc_count":0},{"movieID":21,"movieName":"Strip Search","genre":"Drama","language":"Kyrgyz","price":389564,"copiesSold":26114,"movie_review_count":0,"movie_desc_count":0},{"movieID":22,"movieName":"Taste of Others, The (Le goût des autres)","genre":"Comedy|Drama|Romance","language":"Albanian","price":49720,"copiesSold":28291,"movie_review_count":0,"movie_desc_count":0},{"movieID":23,"movieName":"Brothers (Veljekset)","genre":"Drama","language":"Dutch","price":102075,"copiesSold":14233,"movie_review_count":0,"movie_desc_count":0},{"movieID":24,"movieName":"Other Side of Sunday, The (Søndagsengler)","genre":"Comedy|Drama","language":"Pashto","price":267621,"copiesSold":44072,"movie_review_count":0,"movie_desc_count":0},{"movieID":25,"movieName":"Tall Man, The","genre":"Crime|Drama|Mystery","language":"Assamese","price":139287,"copiesSold":26774,"movie_review_count":0,"movie_desc_count":0},{"movieID":26,"movieName":"Let's Get Those English Girls","genre":"Comedy","language":"Luxembourgish","price":150055,"copiesSold":5301,"movie_review_count":0,"movie_desc_count":0},{"movieID":27,"movieName":"Pallbearer, The","genre":"Comedy","language":"Thai","price":190918,"copiesSold":39433,"movie_review_count":0,"movie_desc_count":0},{"movieID":28,"movieName":"Tower Heist","genre":"Action|Comedy|Crime","language":"Malay","price":289119,"copiesSold":4821,"movie_review_count":0,"movie_desc_count":0},{"movieID":29,"movieName":"Follow Me Quietly","genre":"Crime|Drama|Film-Noir|Mystery","language":"Hindi","price":485313,"copiesSold":45386,"movie_review_count":0,"movie_desc_count":0},{"movieID":30,"movieName":"Anne of Green Gables","genre":"Children|Comedy|Drama","language":"Italian","price":50289,"copiesSold":15587,"movie_review_count":0,"movie_desc_count":0},{"movieID":31,"movieName":"Baby Face","genre":"Drama","language":"Hungarian","price":295056,"copiesSold":17729,"movie_review_count":0,"movie_desc_count":0},{"movieID":32,"movieName":"Ringu 0: Bâsudei","genre":"Drama|Horror|Thriller","language":"Kyrgyz","price":434698,"copiesSold":43683,"movie_review_count":0,"movie_desc_count":0},{"movieID":33,"movieName":"Perfect Human, The (Perfekte Menneske, Det)","genre":"Documentary","language":"Chinese","price":73970,"copiesSold":14347,"movie_review_count":0,"movie_desc_count":0},{"movieID":34,"movieName":"Down Argentine Way","genre":"Comedy|Drama|Romance","language":"Italian","price":493453,"copiesSold":4259,"movie_review_count":0,"movie_desc_count":0},{"movieID":35,"movieName":"Halls of Montezuma","genre":"Adventure|War","language":"Hebrew","price":120950,"copiesSold":1734,"movie_review_count":0,"movie_desc_count":0},{"movieID":36,"movieName":"My Name Is Joe","genre":"Drama|Romance","language":"Tajik","price":211618,"copiesSold":39567,"movie_review_count":0,"movie_desc_count":0},{"movieID":37,"movieName":"Gable: The King Remembered","genre":"Documentary","language":"Swati","price":475108,"copiesSold":37935,"movie_review_count":0,"movie_desc_count":0},{"movieID":38,"movieName":"Zombies on Broadway","genre":"Comedy|Fantasy|Horror","language":"Finnish","price":123535,"copiesSold":12007,"movie_review_count":0,"movie_desc_count":0},{"movieID":39,"movieName":"I Dream Too Much","genre":"Comedy|Musical|Romance","language":"Maltese","price":234650,"copiesSold":36022,"movie_review_count":0,"movie_desc_count":0},{"movieID":40,"movieName":"Casino","genre":"Crime|Drama","language":"Polish","price":447319,"copiesSold":43711,"movie_review_count":0,"movie_desc_count":0},{"movieID":41,"movieName":"Casper","genre":"Adventure|Children","language":"Azeri","price":425819,"copiesSold":4684,"movie_review_count":0,"movie_desc_count":0},{"movieID":42,"movieName":"Devil's Doorway","genre":"Western","language":"Danish","price":259201,"copiesSold":12759,"movie_review_count":0,"movie_desc_count":0},{"movieID":43,"movieName":"Here Without Me (Inja bedoone man)","genre":"Drama|Film-Noir|Mystery|Romance","language":"Gujarati","price":72442,"copiesSold":47174,"movie_review_count":0,"movie_desc_count":0},{"movieID":44,"movieName":"Wake of the Red Witch","genre":"Action|Adventure|Drama","language":"Tamil","price":371968,"copiesSold":20834,"movie_review_count":0,"movie_desc_count":0},{"movieID":45,"movieName":"Open Season","genre":"Comedy","language":"Fijian","price":57673,"copiesSold":40355,"movie_review_count":0,"movie_desc_count":0},{"movieID":46,"movieName":"Woman Next Door, The (Femme d'à côté, La)","genre":"Drama|Romance","language":"Hungarian","price":60988,"copiesSold":28213,"movie_review_count":0,"movie_desc_count":0},{"movieID":47,"movieName":"Double Harness","genre":"Comedy|Drama","language":"Japanese","price":52363,"copiesSold":8559,"movie_review_count":0,"movie_desc_count":0},{"movieID":48,"movieName":"Sleep Dealer","genre":"Sci-Fi","language":"Korean","price":354652,"copiesSold":4051,"movie_review_count":0,"movie_desc_count":0},{"movieID":49,"movieName":"United","genre":"Drama","language":"Swati","price":375309,"copiesSold":36912,"movie_review_count":0,"movie_desc_count":0},{"movieID":50,"movieName":"Streetcar Named Desire, A","genre":"Drama","language":"Azeri","price":107180,"copiesSold":9848,"movie_review_count":0,"movie_desc_count":0},{"movieID":51,"movieName":"Hera Pheri ","genre":"Comedy","language":"Hindi","price":56221,"copiesSold":6464,"movie_review_count":0,"movie_desc_count":0}]